{"train_losses": [1264.7386076554008, 1206.8871751868207, 1124.5391898777175, 1088.23425558339, 1041.6767684273098], "val_losses": [1204.7593994140625, 1125.6857503255208, 1080.7121175130208, 1032.1038614908855, 980.8362426757812]}